Company Name,Industry,Symbol,Series,ISIN Code
A and M Jumbo Bags Ltd.,INDUSTRIAL MANUFACTURING,AMJUMBO,SM,INE749Y01014
ANI Integrated Services Ltd.,SERVICES,AISL,SM,INE635Y01015
ASL Industries Ltd.,AUTOMOBILE,ASLIND,SM,INE617I01024
AVG Logistics Ltd.,SERVICES,AVG,SM,INE680Z01018
Aakash Exploration Services Ltd.,ENERGY,AAKASH,SM,INE087Z01016
Aarvi Encon Ltd.,SERVICES,AARVI,SM,INE754X01016
Accord Synergy Ltd.,SERVICES,ACCORD,SM,INE113X01015
Ace Integrated Solutions Ltd.,SERVICES,ACEINTEG,SM,INE543V01017
Agro Phos India Ltd.,FERTILISERS & PESTICIDES,AGROPHOS,SM,INE740V01019
Airan Ltd.,IT,AIRAN,SM,INE645W01026
Airo Lam Ltd.,CONSUMER GOODS,AIROLAM,SM,INE801L01010
Ajooni Biotech Ltd.,CONSUMER GOODS,AJOONI,SM,INE820Y01013
Akash infra projects ltd.,CONSTRUCTION,AKASH,SM,INE737W01013
Arvee Laboratories (India) Ltd.,CHEMICALS,ARVEE,SM,INE006Z01016
Aurangabad Distillery Ltd.,CONSUMER GOODS,AURDIS,SM,INE448V01019
Banka Bioloo Ltd.,CONSTRUCTION,BANKA,SM,INE862Y01015
Bansal Multiflex Ltd.,TEXTILES,BANSAL,SM,INE668X01018
Beta Drugs Ltd.,PHARMA,BETA,SM,INE351Y01019
Bohra Industries Ltd.,FERTILISERS & PESTICIDES,BOHRA,SM,INE802W01015
Bombay Super Hybrid Seeds Ltd.,CONSUMER GOODS,BSHSL,SM,INE032Z01012
Brand Concepts Ltd.,CONSUMER GOODS,BCONCEPTS,SM,INE977Y01011
CKP Leisure Ltd.,SERVICES,CKPLEISURE,SM,INE418Y01016
CKP Products Ltd.,CONSUMER GOODS,CKPPRODUCT,SM,INE977V01017
CMM Infraprojects Ltd.,CONSTRUCTION,CMMIPL,SM,INE289S01013
Cadsys (India) Ltd.,IT,CADSYS,SM,INE090Y01013
Creative Peripherals and Distribution Ltd.,SERVICES,CREATIVE,SM,INE985W01018
Crown Lifters Ltd.,INDUSTRIAL MANUFACTURING,CROWN,SM,INE491V01019
D P Wires Ltd.,METALS,DPWIRES,SM,INE864X01013
D. P. Abhushan Ltd.,CONSUMER GOODS,DPABHUSHAN,SM,INE266Y01019
Dev Information Technology Ltd.,IT,DEVIT,SM,INE060X01018
E2E Networks Ltd.,IT,E2E,SM,INE255Z01019
Emkay Taps and Cutting Tools Ltd.,INDUSTRIAL MANUFACTURING,EMKAYTOOLS,SM,INE332S01011
Euro India Fresh Foods Ltd.,CONSUMER GOODS,EIFFL,SM,INE546V01010
Felix Industries Ltd.,SERVICES,FELIX,SM,INE901X01013
Focus Lighting and Fixtures Ltd.,SERVICES,FOCUS,SM,INE593W01010
Fourth Dimension Solutions Ltd.,IT,FOURTHDIM,SM,INE382T01014
Geekay Wires Ltd.,METALS,GEEKAYWIRE,SM,INE669X01016
Giriraj Civil Developers Ltd.,CONSTRUCTION,GIRIRAJ,SM,INE614Z01017
Global Education Ltd.,SERVICES,GLOBAL,SM,INE291W01011
Globe International Carriers Ltd.,SERVICES,GICL,SM,INE947T01014
Globe Textiles (India) Ltd.,TEXTILES,GLOBE,SM,INE581X01013
Godha Cabcon & Insulation Ltd.,INDUSTRIAL MANUFACTURING,GODHA,SM,INE925Y01010
Goldstar Power Ltd.,AUTOMOBILE,GOLDSTAR,SM,INE405Y01013
Gretex Industries Ltd.,TEXTILES,GRETEX,SM,INE985P01012
HEC Infra Projects Ltd.,CONSTRUCTION,HECPROJECT,SM,INE558R01013
Hindcon Chemicals Ltd.,CHEMICALS,HINDCON,SM,INE642Y01011
Husys Consulting Ltd.,IT,HUSYSLTD,SM,INE336T01010
Ice Make Refrigeration Ltd.,INDUSTRIAL MANUFACTURING,ICEMAKE,SM,INE520Y01019
InfoBeans Technologies Ltd.,IT,INFOBEAN,SM,INE344S01016
Innovana Thinklabs Ltd.,IT,INNOVANA,SM,INE403Y01018
Innovative Tyres and Tubes Ltd.,AUTOMOBILE,INNOVATIVE,SM,INE070Y01015
Jalan Transolutions (India) Ltd.,SERVICES,JALAN,SM,INE349X01015
Jash Engineering Ltd.,INDUSTRIAL MANUFACTURING,JASH,SM,INE039O01011
Jet Freight Logistics Ltd.,SERVICES,JETFREIGHT,SM,INE982V01017
Jet Knitwears Ltd.,TEXTILES,JETKNIT,SM,INE564T01017
KKV Agro Powers Ltd.,ENERGY,KKVAPOW,SM,INE239T01016
Kapston Facilities Management Ltd.,SERVICES,KAPSTON,SM,INE542Z01010
Keerti Knowledge and Skills Ltd.,IT,KEERTI,SM,INE586X01012
Krishana Phoschem Ltd.,FERTILISERS & PESTICIDES,KRISHANA,SM,INE506W01012
Laxmi cotspin ltd.,TEXTILES,LAXMICOT,SM,INE801V01019
Lexus Granito (India) Ltd.,CONSTRUCTION,LEXUS,SM,INE500X01013
Libas Designs Ltd.,IT,LIBAS,SM,INE908V01012
M K Proteins Ltd.,CONSUMER GOODS,MKPL,SM,INE964W01013
MMP Industries Ltd.,METALS,MMP,SM,INE511Y01018
Macpower CNC Machines Ltd.,INDUSTRIAL MANUFACTURING,MACPOWER,SM,INE155Z01011
Madhav Copper Ltd.,METALS,MCL,SM,INE813V01014
Madhya Bharat Agro Products Ltd.,FERTILISERS & PESTICIDES,MBAPL,SM,INE900L01010
Madhya Pradesh Today Media Ltd.,MEDIA & ENTERTAINMENT,MPTODAY,SM,INE105Y01019
Maheshwari Logistics Ltd.,SERVICES,MAHESHWARI,SM,INE263W01010
Mahickra Chemicals Ltd.,CHEMICALS,MAHICKRA,SM,INE961Y01015
Manav Infra Projects Ltd.,CONSTRUCTION,MANAV,SM,INE104Y01012
Marvel Decor Ltd.,CONSUMER GOODS,MDL,SM,INE575Z01010
Milton Industries Ltd.,CONSUMER GOODS,MILTON,SM,INE376Y01016
Mitcon Consultancy & Engineering Services Ltd.,SERVICES,MITCON,SM,INE828O01033
Mittal Life Style Ltd.,TEXTILES,MITTAL,SM,INE997Y01019
Mohini Health & Hygiene Ltd.,HEALTHCARE SERVICES,MHHL,SM,INE450S01011
Moksh Ornaments Ltd.,CONSUMER GOODS,MOKSH,SM,INE514Y01012
Nandani Creation Ltd.,TEXTILES,NANDANI,SM,INE696V01013
Narmada Agrobase Ltd.,CONSUMER GOODS,NARMADA,SM,INE117Z01011
Nitiraj Engineers Ltd.,CONSUMER GOODS,NITIRAJ,SM,INE439T01012
Omfurn India Ltd.,CONSUMER GOODS,OMFURN,SM,INE338Y01016
One Point One Solutions Ltd.,IT,ONEPOINT,SM,INE840Y01011
Panache Digilife Ltd.,IT,PANACHE,SM,INE895W01019
Pansari Developers Ltd.,CONSTRUCTION,PANSARI,SM,INE697V01011
Pashupati Cotspin Ltd.,TEXTILES,PASHUPATI,SM,INE124Y01010
Penta Gold Ltd.,CONSUMER GOODS,PENTAGOLD,SM,INE175Y01012
Perfect Infraengineers Ltd.,SERVICES,PERFECT,SM,INE925S01012
Power & Instrumentation (Gujarat) Ltd.,INDUSTRIAL MANUFACTURING,PIGL,SM,INE557Z01018
Prolife Industries Ltd.,CHEMICALS,PROLIFE,SM,INE994V01012
Pulz Electronics Ltd.,CONSUMER GOODS,PULZ,SM,INE335X01014
Pushpanjali Realms and Infratech Ltd.,CONSTRUCTION,PUSHPREALM,SM,INE728W01012
R M Drip and Sprinklers Systems Ltd.,INDUSTRIAL MANUFACTURING,RMDRIP,SM,INE219Y01018
RKEC Projects Ltd.,CONSTRUCTION,RKEC,SM,INE786W01010
Reliable Data Services Ltd.,IT,RELIABLE,SM,INE375Y01018
S K S Textiles Ltd.,TEXTILES,SKSTEXTILE,SM,INE507Y01016
S.S. Infrastructure Development Consultants Ltd.,SERVICES,SSINFRA,SM,INE182Z01015
SMVD Ploy Pack Ltd.,INDUSTRIAL MANUFACTURING,SMVD,SM,INE702Y01013
Sakar Healthcare Ltd.,HEALTHCARE SERVICES,SAKAR,SM,INE732S01012
Sanginita Chemicals Ltd.,CHEMICALS,SANGINITA,SM,INE753W01010
Sarveshwar Foods Ltd.,CONSUMER GOODS,SARVESHWAR,SM,INE324X01018
SecUR Credentials Ltd.,SERVICES,SECURCRED,SM,INE195Y01010
Servotech Power Systems Ltd.,INDUSTRIAL MANUFACTURING,SERVOTECH,SM,INE782X01017
Shanti Overseas (India) Ltd.,CONSUMER GOODS,SHANTI,SM,INE933X01016
Shradha Infraprojects (Nagpur) Ltd.,CONSTRUCTION,SHRADHA,SM,INE715Y01015
Shree Ram Proteins Ltd.,CONSUMER GOODS,SRPL,SM,INE008Z01012
Shree Tirupati Balajee FIBC Ltd.,INDUSTRIAL MANUFACTURING,TIRUPATI,SM,INE238Y01018
Shrenik Ltd.,PAPER,SHRENIK,SM,INE632X01022
Shri Ram Switchgears Ltd,INDUSTRIAL MANUFACTURING,SRIRAM,SM,INE634W01012
Sikko Industries Ltd.,SERVICES,SIKKO,SM,INE112X01017
Silly Monks Entertainment Ltd.,MEDIA & ENTERTAINMENT,SILLYMONKS,SM,INE203Y01012
Silver Touch Technologies Ltd.,IT,SILVERTUC,SM,INE625X01018
Sintercom India Ltd. ,AUTOMOBILE,SINTERCOM,SM,INE129Z01016
Softtech Engineers Ltd.,IT,SOFTTECH,SM,INE728Z01015
Solex Energy Ltd.,INDUSTRIAL MANUFACTURING,SOLEX,SM,INE880Y01017
Soni Soya Products Ltd.,CONSUMER GOODS,SONISOYA,SM,INE301Z01011
South West Pinnacle Exploration Ltd.,ENERGY,SOUTHWEST,SM,INE980Y01015
Sri Krishna Metcom Ltd.,CONSUMER GOODS,SKML,SM,INE672X01010
Steel City Securities Ltd.,FINANCIAL SERVICES,STEELCITY,SM,INE395H01011
Supreme (India) Impex Ltd.,TEXTILES,SIIL,SM,INE971P01012
Surevin BPO Services Ltd.,SERVICES,SUREVIN,SM,INE082W01014
Tara Chand Logistic Solutions Ltd.,SERVICES,TARACHAND,SM,INE555Z01012
Thejo Engineering Ltd.,SERVICES,THEJO,SM,INE121N01019
Tirupati Forge Ltd.,INDUSTRIAL MANUFACTURING,TIRUPATIFL,SM,INE319Y01016
Total Transport Systems Ltd.,SERVICES,TOTAL,SM,INE336X01012
Touchwood Entertainment Ltd.,SERVICES,TOUCHWOOD,SM,INE486Y01013
Transwind Infra Ltd.,SERVICES,TRANSWIND,SM,INE792X01016
Uniinfo Telecom Services Ltd.,TELECOM,UNIINFO,SM,INE481Z01011
United Polyfab Gujarat Ltd.,TEXTILES,UNITEDPOLY,SM,INE368U01011
Univastu India Ltd.,CONSTRUCTION,UNIVASTU,SM,INE562X01013
Uravi T and Wedge Lamps Ltd.,AUTOMOBILE,URAVI,SM,INE568Z01015
Vadivarhe Speciality Chemicals Ltd.,CHEMICALS,VSCL,SM,INE551Q01028
Vaishali Pharma Ltd.,PHARMA,VAISHALI,SM,INE972X01014
Vasa Retail and Overseas Ltd.,CONSUMER GOODS,VASA,SM,INE068Z01016
Vera Synthetic Ltd.,TEXTILES,VERA,SM,INE709Z01015
Vertoz Advertising Ltd.,MEDIA & ENTERTAINMENT,VERTOZ,SM,INE188Y01015
Wealth First Portfolio Managers Ltd.,FINANCIAL SERVICES,WEALTH,SM,INE658T01017
Worth Peripherals Ltd.,INDUSTRIAL MANUFACTURING,WORTH,SM,INE196Y01018
Zodiac Energy Ltd.,CONSTRUCTION,ZODIAC,SM,INE761Y01019
Zota Health Care Ltd.,PHARMA,ZOTA,SM,INE358U01012
